{
  "global": {
    "rows": 1213,
    "mae": 30.642209398186314,
    "rmse": 46.9696627283804,
    "wmape": 0.39448742849258656,
    "smape": 0.553124089835826,
    "wmape_pct": 39.44874284925866,
    "smape_pct": 55.31240898358259,
    "zero_true_pct": 0.043693322341302555
  },
  "local": {
    "rows": 1213,
    "mae": 31.12613355317395,
    "rmse": 48.312342524771374,
    "wmape": 0.4007174621368909,
    "smape": 0.5186379596418145,
    "wmape_pct": 40.07174621368909,
    "smape_pct": 51.86379596418145,
    "zero_true_pct": 0.043693322341302555
  },
  "hybrid": {
    "rows": 1213,
    "mae": 30.511129431162406,
    "rmse": 46.52000075138989,
    "wmape": 0.3927999066025621,
    "smape": 0.5064964241481992,
    "wmape_pct": 39.27999066025621,
    "smape_pct": 50.649642414819915,
    "zero_true_pct": 0.043693322341302555
  }
}