{
  "rows": 1213,
  "mae": 31.12613355317395,
  "rmse": 48.312342524771374,
  "wmape": 0.4007174621368909,
  "smape": 0.5186379596418145,
  "wmape_pct": 40.07174621368909,
  "smape_pct": 51.86379596418145,
  "zero_true_pct": 0.043693322341302555
}