{
  "rows": 1213,
  "mae": 30.511129431162406,
  "rmse": 46.52000075138989,
  "wmape": 0.3927999066025621,
  "smape": 0.5064964241481992,
  "wmape_pct": 39.27999066025621,
  "smape_pct": 50.649642414819915,
  "zero_true_pct": 0.043693322341302555
}