{
  "rows": 1213,
  "mae": 30.642209398186314,
  "rmse": 46.9696627283804,
  "wmape": 0.39448742849258656,
  "smape": 0.553124089835826,
  "wmape_pct": 39.44874284925866,
  "smape_pct": 55.31240898358259,
  "zero_true_pct": 0.043693322341302555
}